user_id,email,password,full_name,role,phone_number,student_number,verification_status,verification_method,invite_code_used,verified_at,school_class_id,class_label,course_id,teacher_id,teacher_name,teacher_email,subject_name,grade_level
6916797e-36e4-5167-a905-73ae531b89b6,student001@socrateach.school,SocraTeachStudent!2026,김서윤,student,,01,verified,invite_code,STD-CZPIUEXJ,2026-04-11T23:45:51.657126+00:00,49922535-bc71-5356-9a4f-0b3493d3e1bb,중1 1반,3a3a86bc-3fce-5d83-abb8-7a30489301bb,8caca1f6-3222-5a34-94cf-c188bb982efc,김서윤,teacher01@socrateach.school,도덕,"중1,중2,중3"
2b4ff4f8-5a9b-570f-bef4-e51c6c783eb4,student002@socrateach.school,SocraTeachStudent!2026,이서윤,student,,02,verified,invite_code,STD-CZPIUEXJ,2026-04-11T23:45:51.754213+00:00,49922535-bc71-5356-9a4f-0b3493d3e1bb,중1 1반,3a3a86bc-3fce-5d83-abb8-7a30489301bb,8caca1f6-3222-5a34-94cf-c188bb982efc,김서윤,teacher01@socrateach.school,도덕,"중1,중2,중3"
7e499a4b-eb9f-5181-9af3-29ee0c2c56fd,student003@socrateach.school,SocraTeachStudent!2026,박서윤,student,,03,verified,invite_code,STD-CZPIUEXJ,2026-04-11T23:45:51.849874+00:00,49922535-bc71-5356-9a4f-0b3493d3e1bb,중1 1반,3a3a86bc-3fce-5d83-abb8-7a30489301bb,8caca1f6-3222-5a34-94cf-c188bb982efc,김서윤,teacher01@socrateach.school,도덕,"중1,중2,중3"
ffd5a3ca-1c39-58da-a068-6bbcb1cd6cc5,student004@socrateach.school,SocraTeachStudent!2026,최서윤,student,,04,verified,invite_code,STD-CZPIUEXJ,2026-04-11T23:45:51.946645+00:00,49922535-bc71-5356-9a4f-0b3493d3e1bb,중1 1반,3a3a86bc-3fce-5d83-abb8-7a30489301bb,8caca1f6-3222-5a34-94cf-c188bb982efc,김서윤,teacher01@socrateach.school,도덕,"중1,중2,중3"
a8a81365-9946-5394-b492-cc3990e14c51,student005@socrateach.school,SocraTeachStudent!2026,정서윤,student,,05,verified,invite_code,STD-CZPIUEXJ,2026-04-11T23:45:52.047736+00:00,49922535-bc71-5356-9a4f-0b3493d3e1bb,중1 1반,3a3a86bc-3fce-5d83-abb8-7a30489301bb,8caca1f6-3222-5a34-94cf-c188bb982efc,김서윤,teacher01@socrateach.school,도덕,"중1,중2,중3"
93a02492-2466-58ca-9038-f2039eb9028b,student006@socrateach.school,SocraTeachStudent!2026,강서윤,student,,06,verified,invite_code,STD-CZPIUEXJ,2026-04-11T23:45:52.166037+00:00,49922535-bc71-5356-9a4f-0b3493d3e1bb,중1 1반,3a3a86bc-3fce-5d83-abb8-7a30489301bb,8caca1f6-3222-5a34-94cf-c188bb982efc,김서윤,teacher01@socrateach.school,도덕,"중1,중2,중3"
5452920a-b662-5c53-aa36-22b6d52d96d0,student007@socrateach.school,SocraTeachStudent!2026,조서윤,student,,07,verified,invite_code,STD-CZPIUEXJ,2026-04-11T23:45:52.266588+00:00,49922535-bc71-5356-9a4f-0b3493d3e1bb,중1 1반,3a3a86bc-3fce-5d83-abb8-7a30489301bb,8caca1f6-3222-5a34-94cf-c188bb982efc,김서윤,teacher01@socrateach.school,도덕,"중1,중2,중3"
18617f46-e1ac-5e77-b54f-1209aad7bedf,student008@socrateach.school,SocraTeachStudent!2026,윤서윤,student,,08,verified,invite_code,STD-CZPIUEXJ,2026-04-11T23:45:52.365684+00:00,49922535-bc71-5356-9a4f-0b3493d3e1bb,중1 1반,3a3a86bc-3fce-5d83-abb8-7a30489301bb,8caca1f6-3222-5a34-94cf-c188bb982efc,김서윤,teacher01@socrateach.school,도덕,"중1,중2,중3"
bcc2caec-723a-5680-bf2a-f627026f947d,student009@socrateach.school,SocraTeachStudent!2026,장서윤,student,,09,verified,invite_code,STD-CZPIUEXJ,2026-04-11T23:45:52.466523+00:00,49922535-bc71-5356-9a4f-0b3493d3e1bb,중1 1반,3a3a86bc-3fce-5d83-abb8-7a30489301bb,8caca1f6-3222-5a34-94cf-c188bb982efc,김서윤,teacher01@socrateach.school,도덕,"중1,중2,중3"
b5f4f7a1-20a5-5d19-a701-6017e191220c,student010@socrateach.school,SocraTeachStudent!2026,임서윤,student,,10,verified,invite_code,STD-CZPIUEXJ,2026-04-11T23:45:52.560251+00:00,49922535-bc71-5356-9a4f-0b3493d3e1bb,중1 1반,3a3a86bc-3fce-5d83-abb8-7a30489301bb,8caca1f6-3222-5a34-94cf-c188bb982efc,김서윤,teacher01@socrateach.school,도덕,"중1,중2,중3"
2b70c84e-f9c1-5ede-a499-0b09bf902731,student011@socrateach.school,SocraTeachStudent!2026,오서윤,student,,11,verified,invite_code,STD-CZPIUEXJ,2026-04-11T23:45:52.656143+00:00,49922535-bc71-5356-9a4f-0b3493d3e1bb,중1 1반,3a3a86bc-3fce-5d83-abb8-7a30489301bb,8caca1f6-3222-5a34-94cf-c188bb982efc,김서윤,teacher01@socrateach.school,도덕,"중1,중2,중3"
836468d1-6dc7-5faf-9aed-8d80263ef6c8,student012@socrateach.school,SocraTeachStudent!2026,한서윤,student,,12,verified,invite_code,STD-CZPIUEXJ,2026-04-11T23:45:52.754667+00:00,49922535-bc71-5356-9a4f-0b3493d3e1bb,중1 1반,3a3a86bc-3fce-5d83-abb8-7a30489301bb,8caca1f6-3222-5a34-94cf-c188bb982efc,김서윤,teacher01@socrateach.school,도덕,"중1,중2,중3"
690e1316-a1ae-5d4a-b349-f8ad2d99ece5,student013@socrateach.school,SocraTeachStudent!2026,서서윤,student,,13,verified,invite_code,STD-CZPIUEXJ,2026-04-11T23:45:52.849984+00:00,49922535-bc71-5356-9a4f-0b3493d3e1bb,중1 1반,3a3a86bc-3fce-5d83-abb8-7a30489301bb,8caca1f6-3222-5a34-94cf-c188bb982efc,김서윤,teacher01@socrateach.school,도덕,"중1,중2,중3"
5fd72bd8-4571-5937-a3e5-1e38a7724d91,student014@socrateach.school,SocraTeachStudent!2026,권서윤,student,,14,verified,invite_code,STD-CZPIUEXJ,2026-04-11T23:45:52.950534+00:00,49922535-bc71-5356-9a4f-0b3493d3e1bb,중1 1반,3a3a86bc-3fce-5d83-abb8-7a30489301bb,8caca1f6-3222-5a34-94cf-c188bb982efc,김서윤,teacher01@socrateach.school,도덕,"중1,중2,중3"
c4f1e53c-8574-50aa-aa1a-3f355a520391,student015@socrateach.school,SocraTeachStudent!2026,유서윤,student,,15,verified,invite_code,STD-CZPIUEXJ,2026-04-11T23:45:53.074192+00:00,49922535-bc71-5356-9a4f-0b3493d3e1bb,중1 1반,3a3a86bc-3fce-5d83-abb8-7a30489301bb,8caca1f6-3222-5a34-94cf-c188bb982efc,김서윤,teacher01@socrateach.school,도덕,"중1,중2,중3"
b99b3706-5a69-53ae-bb4b-bdfe3ab50a10,student016@socrateach.school,SocraTeachStudent!2026,김도윤,student,,16,verified,invite_code,STD-CZPIUEXJ,2026-04-11T23:45:53.187275+00:00,49922535-bc71-5356-9a4f-0b3493d3e1bb,중1 1반,3a3a86bc-3fce-5d83-abb8-7a30489301bb,8caca1f6-3222-5a34-94cf-c188bb982efc,김서윤,teacher01@socrateach.school,도덕,"중1,중2,중3"
85c950bc-8c6c-56e6-98a7-fb09e9b76e69,student017@socrateach.school,SocraTeachStudent!2026,이도윤,student,,17,verified,invite_code,STD-CZPIUEXJ,2026-04-11T23:45:53.285326+00:00,49922535-bc71-5356-9a4f-0b3493d3e1bb,중1 1반,3a3a86bc-3fce-5d83-abb8-7a30489301bb,8caca1f6-3222-5a34-94cf-c188bb982efc,김서윤,teacher01@socrateach.school,도덕,"중1,중2,중3"
71f05123-c2a7-565d-b4e2-bf203d09d1a6,student018@socrateach.school,SocraTeachStudent!2026,박도윤,student,,18,verified,invite_code,STD-CZPIUEXJ,2026-04-11T23:45:53.381726+00:00,49922535-bc71-5356-9a4f-0b3493d3e1bb,중1 1반,3a3a86bc-3fce-5d83-abb8-7a30489301bb,8caca1f6-3222-5a34-94cf-c188bb982efc,김서윤,teacher01@socrateach.school,도덕,"중1,중2,중3"
4a09c13e-d50b-5c45-b446-3e075d6f865c,student019@socrateach.school,SocraTeachStudent!2026,최도윤,student,,19,verified,invite_code,STD-CZPIUEXJ,2026-04-11T23:45:53.478984+00:00,49922535-bc71-5356-9a4f-0b3493d3e1bb,중1 1반,3a3a86bc-3fce-5d83-abb8-7a30489301bb,8caca1f6-3222-5a34-94cf-c188bb982efc,김서윤,teacher01@socrateach.school,도덕,"중1,중2,중3"
51712012-439b-577b-89eb-6dbc40b4239e,student020@socrateach.school,SocraTeachStudent!2026,정도윤,student,,20,verified,invite_code,STD-CZPIUEXJ,2026-04-11T23:45:53.591641+00:00,49922535-bc71-5356-9a4f-0b3493d3e1bb,중1 1반,3a3a86bc-3fce-5d83-abb8-7a30489301bb,8caca1f6-3222-5a34-94cf-c188bb982efc,김서윤,teacher01@socrateach.school,도덕,"중1,중2,중3"
1c352677-5937-5f47-aca4-975496ccdbd1,student021@socrateach.school,SocraTeachStudent!2026,강도윤,student,,21,verified,invite_code,STD-CZPIUEXJ,2026-04-11T23:45:53.690673+00:00,49922535-bc71-5356-9a4f-0b3493d3e1bb,중1 1반,3a3a86bc-3fce-5d83-abb8-7a30489301bb,8caca1f6-3222-5a34-94cf-c188bb982efc,김서윤,teacher01@socrateach.school,도덕,"중1,중2,중3"
114750cd-26ab-57b4-8b89-e0c7ca7e340e,student022@socrateach.school,SocraTeachStudent!2026,조도윤,student,,22,verified,invite_code,STD-CZPIUEXJ,2026-04-11T23:45:53.795411+00:00,49922535-bc71-5356-9a4f-0b3493d3e1bb,중1 1반,3a3a86bc-3fce-5d83-abb8-7a30489301bb,8caca1f6-3222-5a34-94cf-c188bb982efc,김서윤,teacher01@socrateach.school,도덕,"중1,중2,중3"
4de6dede-ca72-56f6-b8d2-649fa326120d,student023@socrateach.school,SocraTeachStudent!2026,윤도윤,student,,23,verified,invite_code,STD-CZPIUEXJ,2026-04-11T23:45:53.896531+00:00,49922535-bc71-5356-9a4f-0b3493d3e1bb,중1 1반,3a3a86bc-3fce-5d83-abb8-7a30489301bb,8caca1f6-3222-5a34-94cf-c188bb982efc,김서윤,teacher01@socrateach.school,도덕,"중1,중2,중3"
03702943-3d1b-54b0-875d-7d0a0421e248,student024@socrateach.school,SocraTeachStudent!2026,장도윤,student,,24,verified,invite_code,STD-CZPIUEXJ,2026-04-11T23:45:53.996132+00:00,49922535-bc71-5356-9a4f-0b3493d3e1bb,중1 1반,3a3a86bc-3fce-5d83-abb8-7a30489301bb,8caca1f6-3222-5a34-94cf-c188bb982efc,김서윤,teacher01@socrateach.school,도덕,"중1,중2,중3"
9f0d5afb-69f4-5038-8467-e086cd406a5d,student025@socrateach.school,SocraTeachStudent!2026,임도윤,student,,25,verified,invite_code,STD-CZPIUEXJ,2026-04-11T23:45:54.113408+00:00,49922535-bc71-5356-9a4f-0b3493d3e1bb,중1 1반,3a3a86bc-3fce-5d83-abb8-7a30489301bb,8caca1f6-3222-5a34-94cf-c188bb982efc,김서윤,teacher01@socrateach.school,도덕,"중1,중2,중3"
79d82a8a-f456-5daf-adc3-5bf9fedba844,student026@socrateach.school,SocraTeachStudent!2026,오도윤,student,,26,verified,invite_code,STD-CZPIUEXJ,2026-04-11T23:45:54.221971+00:00,49922535-bc71-5356-9a4f-0b3493d3e1bb,중1 1반,3a3a86bc-3fce-5d83-abb8-7a30489301bb,8caca1f6-3222-5a34-94cf-c188bb982efc,김서윤,teacher01@socrateach.school,도덕,"중1,중2,중3"
fa6b2ffb-94d8-580e-b862-1900a22012c8,student027@socrateach.school,SocraTeachStudent!2026,한도윤,student,,27,verified,invite_code,STD-CZPIUEXJ,2026-04-11T23:45:54.319553+00:00,49922535-bc71-5356-9a4f-0b3493d3e1bb,중1 1반,3a3a86bc-3fce-5d83-abb8-7a30489301bb,8caca1f6-3222-5a34-94cf-c188bb982efc,김서윤,teacher01@socrateach.school,도덕,"중1,중2,중3"
5e2462e1-3fd2-5746-8992-b16de17a21fa,student028@socrateach.school,SocraTeachStudent!2026,서도윤,student,,28,verified,invite_code,STD-CZPIUEXJ,2026-04-11T23:45:54.415279+00:00,49922535-bc71-5356-9a4f-0b3493d3e1bb,중1 1반,3a3a86bc-3fce-5d83-abb8-7a30489301bb,8caca1f6-3222-5a34-94cf-c188bb982efc,김서윤,teacher01@socrateach.school,도덕,"중1,중2,중3"
0762109b-10c1-5a41-8d28-3f019a273ba3,student029@socrateach.school,SocraTeachStudent!2026,권도윤,student,,29,verified,invite_code,STD-CZPIUEXJ,2026-04-11T23:45:54.514672+00:00,49922535-bc71-5356-9a4f-0b3493d3e1bb,중1 1반,3a3a86bc-3fce-5d83-abb8-7a30489301bb,8caca1f6-3222-5a34-94cf-c188bb982efc,김서윤,teacher01@socrateach.school,도덕,"중1,중2,중3"
a65be874-e9f4-50dc-af12-9a77faf42b80,student030@socrateach.school,SocraTeachStudent!2026,유도윤,student,,30,verified,invite_code,STD-CZPIUEXJ,2026-04-11T23:45:54.612918+00:00,49922535-bc71-5356-9a4f-0b3493d3e1bb,중1 1반,3a3a86bc-3fce-5d83-abb8-7a30489301bb,8caca1f6-3222-5a34-94cf-c188bb982efc,김서윤,teacher01@socrateach.school,도덕,"중1,중2,중3"
43bae1f2-fee7-5611-9723-d52483f86970,student031@socrateach.school,SocraTeachStudent!2026,김하윤,student,,01,verified,invite_code,STD-I9GEXSQR,2026-04-11T23:45:54.835311+00:00,e36569a3-9bc3-5408-98ea-36df906c2c52,중1 2반,2ac29dca-5b4a-591d-bc29-57ac3a93b693,229f8f61-475b-5cfc-8fd1-1168f27e433d,이도현,teacher02@socrateach.school,수학,"중1,중2,중3"
0e6148e9-48bd-5509-ac38-771d36dbf6b9,student032@socrateach.school,SocraTeachStudent!2026,이하윤,student,,02,verified,invite_code,STD-I9GEXSQR,2026-04-11T23:45:54.941241+00:00,e36569a3-9bc3-5408-98ea-36df906c2c52,중1 2반,2ac29dca-5b4a-591d-bc29-57ac3a93b693,229f8f61-475b-5cfc-8fd1-1168f27e433d,이도현,teacher02@socrateach.school,수학,"중1,중2,중3"
434943c5-8a33-5adb-a095-cb8e1b2e4065,student033@socrateach.school,SocraTeachStudent!2026,박하윤,student,,03,verified,invite_code,STD-I9GEXSQR,2026-04-11T23:45:55.036277+00:00,e36569a3-9bc3-5408-98ea-36df906c2c52,중1 2반,2ac29dca-5b4a-591d-bc29-57ac3a93b693,229f8f61-475b-5cfc-8fd1-1168f27e433d,이도현,teacher02@socrateach.school,수학,"중1,중2,중3"
a3cd796e-9259-501f-a29e-1b9add8d88d5,student034@socrateach.school,SocraTeachStudent!2026,최하윤,student,,04,verified,invite_code,STD-I9GEXSQR,2026-04-11T23:45:55.130985+00:00,e36569a3-9bc3-5408-98ea-36df906c2c52,중1 2반,2ac29dca-5b4a-591d-bc29-57ac3a93b693,229f8f61-475b-5cfc-8fd1-1168f27e433d,이도현,teacher02@socrateach.school,수학,"중1,중2,중3"
d4531014-cd3c-5c45-9a00-3aa50d2cd1ff,student035@socrateach.school,SocraTeachStudent!2026,정하윤,student,,05,verified,invite_code,STD-I9GEXSQR,2026-04-11T23:45:55.22541+00:00,e36569a3-9bc3-5408-98ea-36df906c2c52,중1 2반,2ac29dca-5b4a-591d-bc29-57ac3a93b693,229f8f61-475b-5cfc-8fd1-1168f27e433d,이도현,teacher02@socrateach.school,수학,"중1,중2,중3"
e1385d2d-5be5-55d5-982f-f5be8afcefaf,student036@socrateach.school,SocraTeachStudent!2026,강하윤,student,,06,verified,invite_code,STD-I9GEXSQR,2026-04-11T23:45:55.32083+00:00,e36569a3-9bc3-5408-98ea-36df906c2c52,중1 2반,2ac29dca-5b4a-591d-bc29-57ac3a93b693,229f8f61-475b-5cfc-8fd1-1168f27e433d,이도현,teacher02@socrateach.school,수학,"중1,중2,중3"
c3260238-292d-5124-a1a6-9166efbda811,student037@socrateach.school,SocraTeachStudent!2026,조하윤,student,,07,verified,invite_code,STD-I9GEXSQR,2026-04-11T23:45:55.417343+00:00,e36569a3-9bc3-5408-98ea-36df906c2c52,중1 2반,2ac29dca-5b4a-591d-bc29-57ac3a93b693,229f8f61-475b-5cfc-8fd1-1168f27e433d,이도현,teacher02@socrateach.school,수학,"중1,중2,중3"
ac69510e-dd3a-51d2-89c3-4a703afa3c8c,student038@socrateach.school,SocraTeachStudent!2026,윤하윤,student,,08,verified,invite_code,STD-I9GEXSQR,2026-04-11T23:45:55.512198+00:00,e36569a3-9bc3-5408-98ea-36df906c2c52,중1 2반,2ac29dca-5b4a-591d-bc29-57ac3a93b693,229f8f61-475b-5cfc-8fd1-1168f27e433d,이도현,teacher02@socrateach.school,수학,"중1,중2,중3"
1b3cfca4-bf4c-5954-bc46-44c4f8876232,student039@socrateach.school,SocraTeachStudent!2026,장하윤,student,,09,verified,invite_code,STD-I9GEXSQR,2026-04-11T23:45:55.61175+00:00,e36569a3-9bc3-5408-98ea-36df906c2c52,중1 2반,2ac29dca-5b4a-591d-bc29-57ac3a93b693,229f8f61-475b-5cfc-8fd1-1168f27e433d,이도현,teacher02@socrateach.school,수학,"중1,중2,중3"
54b3eafa-7099-5ec0-b6b1-22e1a8fc645f,student040@socrateach.school,SocraTeachStudent!2026,임하윤,student,,10,verified,invite_code,STD-I9GEXSQR,2026-04-11T23:45:55.708698+00:00,e36569a3-9bc3-5408-98ea-36df906c2c52,중1 2반,2ac29dca-5b4a-591d-bc29-57ac3a93b693,229f8f61-475b-5cfc-8fd1-1168f27e433d,이도현,teacher02@socrateach.school,수학,"중1,중2,중3"
821ed7e3-c4b4-5279-bea3-aece0ccb5de7,student041@socrateach.school,SocraTeachStudent!2026,오하윤,student,,11,verified,invite_code,STD-I9GEXSQR,2026-04-11T23:45:55.802943+00:00,e36569a3-9bc3-5408-98ea-36df906c2c52,중1 2반,2ac29dca-5b4a-591d-bc29-57ac3a93b693,229f8f61-475b-5cfc-8fd1-1168f27e433d,이도현,teacher02@socrateach.school,수학,"중1,중2,중3"
ca8f2338-c815-59ca-bc91-243fb4d3fc54,student042@socrateach.school,SocraTeachStudent!2026,한하윤,student,,12,verified,invite_code,STD-I9GEXSQR,2026-04-11T23:45:55.898782+00:00,e36569a3-9bc3-5408-98ea-36df906c2c52,중1 2반,2ac29dca-5b4a-591d-bc29-57ac3a93b693,229f8f61-475b-5cfc-8fd1-1168f27e433d,이도현,teacher02@socrateach.school,수학,"중1,중2,중3"
89db616c-c009-5616-8db5-4f60887da4c1,student043@socrateach.school,SocraTeachStudent!2026,서하윤,student,,13,verified,invite_code,STD-I9GEXSQR,2026-04-11T23:45:55.991331+00:00,e36569a3-9bc3-5408-98ea-36df906c2c52,중1 2반,2ac29dca-5b4a-591d-bc29-57ac3a93b693,229f8f61-475b-5cfc-8fd1-1168f27e433d,이도현,teacher02@socrateach.school,수학,"중1,중2,중3"
33a72aa6-b916-5442-9b73-206996ad086a,student044@socrateach.school,SocraTeachStudent!2026,권하윤,student,,14,verified,invite_code,STD-I9GEXSQR,2026-04-11T23:45:56.096237+00:00,e36569a3-9bc3-5408-98ea-36df906c2c52,중1 2반,2ac29dca-5b4a-591d-bc29-57ac3a93b693,229f8f61-475b-5cfc-8fd1-1168f27e433d,이도현,teacher02@socrateach.school,수학,"중1,중2,중3"
f07b32a0-d5da-551e-9d46-a5fd08734edb,student045@socrateach.school,SocraTeachStudent!2026,유하윤,student,,15,verified,invite_code,STD-I9GEXSQR,2026-04-11T23:45:56.191356+00:00,e36569a3-9bc3-5408-98ea-36df906c2c52,중1 2반,2ac29dca-5b4a-591d-bc29-57ac3a93b693,229f8f61-475b-5cfc-8fd1-1168f27e433d,이도현,teacher02@socrateach.school,수학,"중1,중2,중3"
6695dae9-d406-53fa-a2d7-5a5744d8545b,student046@socrateach.school,SocraTeachStudent!2026,김지윤,student,,16,verified,invite_code,STD-I9GEXSQR,2026-04-11T23:45:56.286566+00:00,e36569a3-9bc3-5408-98ea-36df906c2c52,중1 2반,2ac29dca-5b4a-591d-bc29-57ac3a93b693,229f8f61-475b-5cfc-8fd1-1168f27e433d,이도현,teacher02@socrateach.school,수학,"중1,중2,중3"
041b931a-4f18-57f2-a282-81c138821fc8,student047@socrateach.school,SocraTeachStudent!2026,이지윤,student,,17,verified,invite_code,STD-I9GEXSQR,2026-04-11T23:45:56.393711+00:00,e36569a3-9bc3-5408-98ea-36df906c2c52,중1 2반,2ac29dca-5b4a-591d-bc29-57ac3a93b693,229f8f61-475b-5cfc-8fd1-1168f27e433d,이도현,teacher02@socrateach.school,수학,"중1,중2,중3"
36922ac1-330b-5734-8409-0b647d9c8f91,student048@socrateach.school,SocraTeachStudent!2026,박지윤,student,,18,verified,invite_code,STD-I9GEXSQR,2026-04-11T23:45:56.488824+00:00,e36569a3-9bc3-5408-98ea-36df906c2c52,중1 2반,2ac29dca-5b4a-591d-bc29-57ac3a93b693,229f8f61-475b-5cfc-8fd1-1168f27e433d,이도현,teacher02@socrateach.school,수학,"중1,중2,중3"
55b5c813-1fe1-5b3a-a55d-eccea5182bb6,student049@socrateach.school,SocraTeachStudent!2026,최지윤,student,,19,verified,invite_code,STD-I9GEXSQR,2026-04-11T23:45:56.585265+00:00,e36569a3-9bc3-5408-98ea-36df906c2c52,중1 2반,2ac29dca-5b4a-591d-bc29-57ac3a93b693,229f8f61-475b-5cfc-8fd1-1168f27e433d,이도현,teacher02@socrateach.school,수학,"중1,중2,중3"
67a729c5-2aa4-520b-a7dd-13505f6cec94,student050@socrateach.school,SocraTeachStudent!2026,정지윤,student,,20,verified,invite_code,STD-I9GEXSQR,2026-04-11T23:45:56.680712+00:00,e36569a3-9bc3-5408-98ea-36df906c2c52,중1 2반,2ac29dca-5b4a-591d-bc29-57ac3a93b693,229f8f61-475b-5cfc-8fd1-1168f27e433d,이도현,teacher02@socrateach.school,수학,"중1,중2,중3"
b8d72fcb-2d7f-533b-a598-f71033dda68e,student051@socrateach.school,SocraTeachStudent!2026,강지윤,student,,21,verified,invite_code,STD-I9GEXSQR,2026-04-11T23:45:56.775492+00:00,e36569a3-9bc3-5408-98ea-36df906c2c52,중1 2반,2ac29dca-5b4a-591d-bc29-57ac3a93b693,229f8f61-475b-5cfc-8fd1-1168f27e433d,이도현,teacher02@socrateach.school,수학,"중1,중2,중3"
7e0e96e9-ff3a-5710-b0cf-9860c7478fc6,student052@socrateach.school,SocraTeachStudent!2026,조지윤,student,,22,verified,invite_code,STD-I9GEXSQR,2026-04-11T23:45:56.873752+00:00,e36569a3-9bc3-5408-98ea-36df906c2c52,중1 2반,2ac29dca-5b4a-591d-bc29-57ac3a93b693,229f8f61-475b-5cfc-8fd1-1168f27e433d,이도현,teacher02@socrateach.school,수학,"중1,중2,중3"
da5f5dff-1f82-5521-970f-8c8c20b0148d,student053@socrateach.school,SocraTeachStudent!2026,윤지윤,student,,23,verified,invite_code,STD-I9GEXSQR,2026-04-11T23:45:56.969791+00:00,e36569a3-9bc3-5408-98ea-36df906c2c52,중1 2반,2ac29dca-5b4a-591d-bc29-57ac3a93b693,229f8f61-475b-5cfc-8fd1-1168f27e433d,이도현,teacher02@socrateach.school,수학,"중1,중2,중3"
b27461e5-8922-5c9c-9689-3e003f64171a,student054@socrateach.school,SocraTeachStudent!2026,장지윤,student,,24,verified,invite_code,STD-I9GEXSQR,2026-04-11T23:45:57.065603+00:00,e36569a3-9bc3-5408-98ea-36df906c2c52,중1 2반,2ac29dca-5b4a-591d-bc29-57ac3a93b693,229f8f61-475b-5cfc-8fd1-1168f27e433d,이도현,teacher02@socrateach.school,수학,"중1,중2,중3"
eceaceb9-63b5-56c8-8443-f6c1abb9cd04,student055@socrateach.school,SocraTeachStudent!2026,임지윤,student,,25,verified,invite_code,STD-I9GEXSQR,2026-04-11T23:45:57.161245+00:00,e36569a3-9bc3-5408-98ea-36df906c2c52,중1 2반,2ac29dca-5b4a-591d-bc29-57ac3a93b693,229f8f61-475b-5cfc-8fd1-1168f27e433d,이도현,teacher02@socrateach.school,수학,"중1,중2,중3"
1f65566f-f14d-5fcb-bfe3-2da6d8e75f86,student056@socrateach.school,SocraTeachStudent!2026,오지윤,student,,26,verified,invite_code,STD-I9GEXSQR,2026-04-11T23:45:57.255869+00:00,e36569a3-9bc3-5408-98ea-36df906c2c52,중1 2반,2ac29dca-5b4a-591d-bc29-57ac3a93b693,229f8f61-475b-5cfc-8fd1-1168f27e433d,이도현,teacher02@socrateach.school,수학,"중1,중2,중3"
8168fa02-6844-5846-8b08-61d80c202163,student057@socrateach.school,SocraTeachStudent!2026,한지윤,student,,27,verified,invite_code,STD-I9GEXSQR,2026-04-11T23:45:57.371199+00:00,e36569a3-9bc3-5408-98ea-36df906c2c52,중1 2반,2ac29dca-5b4a-591d-bc29-57ac3a93b693,229f8f61-475b-5cfc-8fd1-1168f27e433d,이도현,teacher02@socrateach.school,수학,"중1,중2,중3"
d4e00def-ef11-5aeb-917e-10b550a40686,student058@socrateach.school,SocraTeachStudent!2026,서지윤,student,,28,verified,invite_code,STD-I9GEXSQR,2026-04-11T23:45:57.471964+00:00,e36569a3-9bc3-5408-98ea-36df906c2c52,중1 2반,2ac29dca-5b4a-591d-bc29-57ac3a93b693,229f8f61-475b-5cfc-8fd1-1168f27e433d,이도현,teacher02@socrateach.school,수학,"중1,중2,중3"
11841bd9-8625-5d02-bf26-d1ce211c7f8c,student059@socrateach.school,SocraTeachStudent!2026,권지윤,student,,29,verified,invite_code,STD-I9GEXSQR,2026-04-11T23:45:57.579682+00:00,e36569a3-9bc3-5408-98ea-36df906c2c52,중1 2반,2ac29dca-5b4a-591d-bc29-57ac3a93b693,229f8f61-475b-5cfc-8fd1-1168f27e433d,이도현,teacher02@socrateach.school,수학,"중1,중2,중3"
783c2fca-085d-51aa-b50c-86394284c833,student060@socrateach.school,SocraTeachStudent!2026,유지윤,student,,30,verified,invite_code,STD-I9GEXSQR,2026-04-11T23:45:57.68299+00:00,e36569a3-9bc3-5408-98ea-36df906c2c52,중1 2반,2ac29dca-5b4a-591d-bc29-57ac3a93b693,229f8f61-475b-5cfc-8fd1-1168f27e433d,이도현,teacher02@socrateach.school,수학,"중1,중2,중3"
605a8ed1-28eb-5471-8e1f-deabeb6d7b25,student061@socrateach.school,SocraTeachStudent!2026,김민윤,student,,01,verified,invite_code,STD-UI3U7KR3,2026-04-11T23:45:57.904166+00:00,cdf5868d-b9aa-5a49-a6ec-ccaef2dd249e,중2 3반,946a4e24-4c9c-5d2f-94c5-d505f34b93b8,70b2c8ff-80dd-58b5-9aa9-b65aae8411f6,박하린,teacher03@socrateach.school,영어,"중1,중2,중3"
fb2849fe-a47a-5dc9-a081-6d281624627c,student062@socrateach.school,SocraTeachStudent!2026,이민윤,student,,02,verified,invite_code,STD-UI3U7KR3,2026-04-11T23:45:58.005398+00:00,cdf5868d-b9aa-5a49-a6ec-ccaef2dd249e,중2 3반,946a4e24-4c9c-5d2f-94c5-d505f34b93b8,70b2c8ff-80dd-58b5-9aa9-b65aae8411f6,박하린,teacher03@socrateach.school,영어,"중1,중2,중3"
6e3b91da-a858-5fda-9bf1-adaccbe8d87b,student063@socrateach.school,SocraTeachStudent!2026,박민윤,student,,03,verified,invite_code,STD-UI3U7KR3,2026-04-11T23:45:58.102417+00:00,cdf5868d-b9aa-5a49-a6ec-ccaef2dd249e,중2 3반,946a4e24-4c9c-5d2f-94c5-d505f34b93b8,70b2c8ff-80dd-58b5-9aa9-b65aae8411f6,박하린,teacher03@socrateach.school,영어,"중1,중2,중3"
e6848d06-180e-5ff0-b257-78be16bbf7ca,student064@socrateach.school,SocraTeachStudent!2026,최민윤,student,,04,verified,invite_code,STD-UI3U7KR3,2026-04-11T23:45:58.207507+00:00,cdf5868d-b9aa-5a49-a6ec-ccaef2dd249e,중2 3반,946a4e24-4c9c-5d2f-94c5-d505f34b93b8,70b2c8ff-80dd-58b5-9aa9-b65aae8411f6,박하린,teacher03@socrateach.school,영어,"중1,중2,중3"
63a6a8a6-bde4-51f6-996b-83277ef7975a,student065@socrateach.school,SocraTeachStudent!2026,정민윤,student,,05,verified,invite_code,STD-UI3U7KR3,2026-04-11T23:45:58.305553+00:00,cdf5868d-b9aa-5a49-a6ec-ccaef2dd249e,중2 3반,946a4e24-4c9c-5d2f-94c5-d505f34b93b8,70b2c8ff-80dd-58b5-9aa9-b65aae8411f6,박하린,teacher03@socrateach.school,영어,"중1,중2,중3"
f8c8b05f-3141-557a-a5e0-d5593985c120,student066@socrateach.school,SocraTeachStudent!2026,강민윤,student,,06,verified,invite_code,STD-UI3U7KR3,2026-04-11T23:45:58.402187+00:00,cdf5868d-b9aa-5a49-a6ec-ccaef2dd249e,중2 3반,946a4e24-4c9c-5d2f-94c5-d505f34b93b8,70b2c8ff-80dd-58b5-9aa9-b65aae8411f6,박하린,teacher03@socrateach.school,영어,"중1,중2,중3"
2d385e21-150a-5a3d-9d00-607b5df9b005,student067@socrateach.school,SocraTeachStudent!2026,조민윤,student,,07,verified,invite_code,STD-UI3U7KR3,2026-04-11T23:45:58.499704+00:00,cdf5868d-b9aa-5a49-a6ec-ccaef2dd249e,중2 3반,946a4e24-4c9c-5d2f-94c5-d505f34b93b8,70b2c8ff-80dd-58b5-9aa9-b65aae8411f6,박하린,teacher03@socrateach.school,영어,"중1,중2,중3"
d8048d7c-e2ad-548d-9d63-75e0c3bfdfac,student068@socrateach.school,SocraTeachStudent!2026,윤민윤,student,,08,verified,invite_code,STD-UI3U7KR3,2026-04-11T23:45:58.606784+00:00,cdf5868d-b9aa-5a49-a6ec-ccaef2dd249e,중2 3반,946a4e24-4c9c-5d2f-94c5-d505f34b93b8,70b2c8ff-80dd-58b5-9aa9-b65aae8411f6,박하린,teacher03@socrateach.school,영어,"중1,중2,중3"
0d6e121e-68a4-5543-91f0-efa5a62ce29d,student069@socrateach.school,SocraTeachStudent!2026,장민윤,student,,09,verified,invite_code,STD-UI3U7KR3,2026-04-11T23:45:58.703902+00:00,cdf5868d-b9aa-5a49-a6ec-ccaef2dd249e,중2 3반,946a4e24-4c9c-5d2f-94c5-d505f34b93b8,70b2c8ff-80dd-58b5-9aa9-b65aae8411f6,박하린,teacher03@socrateach.school,영어,"중1,중2,중3"
8ea4ba70-052f-5dd8-9732-b32f32b1b90d,student070@socrateach.school,SocraTeachStudent!2026,임민윤,student,,10,verified,invite_code,STD-UI3U7KR3,2026-04-11T23:45:58.799262+00:00,cdf5868d-b9aa-5a49-a6ec-ccaef2dd249e,중2 3반,946a4e24-4c9c-5d2f-94c5-d505f34b93b8,70b2c8ff-80dd-58b5-9aa9-b65aae8411f6,박하린,teacher03@socrateach.school,영어,"중1,중2,중3"
7b76c5e8-67cf-5240-96be-d58b667947db,student071@socrateach.school,SocraTeachStudent!2026,오민윤,student,,11,verified,invite_code,STD-UI3U7KR3,2026-04-11T23:45:58.895924+00:00,cdf5868d-b9aa-5a49-a6ec-ccaef2dd249e,중2 3반,946a4e24-4c9c-5d2f-94c5-d505f34b93b8,70b2c8ff-80dd-58b5-9aa9-b65aae8411f6,박하린,teacher03@socrateach.school,영어,"중1,중2,중3"
a6c6b249-add1-5808-939e-0e4d65b83264,student072@socrateach.school,SocraTeachStudent!2026,한민윤,student,,12,verified,invite_code,STD-UI3U7KR3,2026-04-11T23:45:58.993491+00:00,cdf5868d-b9aa-5a49-a6ec-ccaef2dd249e,중2 3반,946a4e24-4c9c-5d2f-94c5-d505f34b93b8,70b2c8ff-80dd-58b5-9aa9-b65aae8411f6,박하린,teacher03@socrateach.school,영어,"중1,중2,중3"
4dc4f633-9e51-5660-91c5-684ee5ff93aa,student073@socrateach.school,SocraTeachStudent!2026,서민윤,student,,13,verified,invite_code,STD-UI3U7KR3,2026-04-11T23:45:59.089181+00:00,cdf5868d-b9aa-5a49-a6ec-ccaef2dd249e,중2 3반,946a4e24-4c9c-5d2f-94c5-d505f34b93b8,70b2c8ff-80dd-58b5-9aa9-b65aae8411f6,박하린,teacher03@socrateach.school,영어,"중1,중2,중3"
6f78ece8-4fa6-5ed0-919f-68e4d9694309,student074@socrateach.school,SocraTeachStudent!2026,권민윤,student,,14,verified,invite_code,STD-UI3U7KR3,2026-04-11T23:45:59.191541+00:00,cdf5868d-b9aa-5a49-a6ec-ccaef2dd249e,중2 3반,946a4e24-4c9c-5d2f-94c5-d505f34b93b8,70b2c8ff-80dd-58b5-9aa9-b65aae8411f6,박하린,teacher03@socrateach.school,영어,"중1,중2,중3"
c3acab7d-20d3-5fb3-ba70-1fc0c2bfda9f,student075@socrateach.school,SocraTeachStudent!2026,유민윤,student,,15,verified,invite_code,STD-UI3U7KR3,2026-04-11T23:45:59.290967+00:00,cdf5868d-b9aa-5a49-a6ec-ccaef2dd249e,중2 3반,946a4e24-4c9c-5d2f-94c5-d505f34b93b8,70b2c8ff-80dd-58b5-9aa9-b65aae8411f6,박하린,teacher03@socrateach.school,영어,"중1,중2,중3"
64e12163-ec15-58f5-849b-b77b595ccc1a,student076@socrateach.school,SocraTeachStudent!2026,김예윤,student,,16,verified,invite_code,STD-UI3U7KR3,2026-04-11T23:45:59.395923+00:00,cdf5868d-b9aa-5a49-a6ec-ccaef2dd249e,중2 3반,946a4e24-4c9c-5d2f-94c5-d505f34b93b8,70b2c8ff-80dd-58b5-9aa9-b65aae8411f6,박하린,teacher03@socrateach.school,영어,"중1,중2,중3"
182a3b0f-7253-5b33-a5d7-ff7bad889660,student077@socrateach.school,SocraTeachStudent!2026,이예윤,student,,17,verified,invite_code,STD-UI3U7KR3,2026-04-11T23:45:59.493377+00:00,cdf5868d-b9aa-5a49-a6ec-ccaef2dd249e,중2 3반,946a4e24-4c9c-5d2f-94c5-d505f34b93b8,70b2c8ff-80dd-58b5-9aa9-b65aae8411f6,박하린,teacher03@socrateach.school,영어,"중1,중2,중3"
4b97ecc2-9169-5129-8f52-09278c1d3f49,student078@socrateach.school,SocraTeachStudent!2026,박예윤,student,,18,verified,invite_code,STD-UI3U7KR3,2026-04-11T23:45:59.595364+00:00,cdf5868d-b9aa-5a49-a6ec-ccaef2dd249e,중2 3반,946a4e24-4c9c-5d2f-94c5-d505f34b93b8,70b2c8ff-80dd-58b5-9aa9-b65aae8411f6,박하린,teacher03@socrateach.school,영어,"중1,중2,중3"
fee387ff-e339-5a85-a1d6-ec1cab9fc04d,student079@socrateach.school,SocraTeachStudent!2026,최예윤,student,,19,verified,invite_code,STD-UI3U7KR3,2026-04-11T23:45:59.701533+00:00,cdf5868d-b9aa-5a49-a6ec-ccaef2dd249e,중2 3반,946a4e24-4c9c-5d2f-94c5-d505f34b93b8,70b2c8ff-80dd-58b5-9aa9-b65aae8411f6,박하린,teacher03@socrateach.school,영어,"중1,중2,중3"
12744ab2-5dee-5c77-8781-d1e4ff05cc2f,student080@socrateach.school,SocraTeachStudent!2026,정예윤,student,,20,verified,invite_code,STD-UI3U7KR3,2026-04-11T23:45:59.809534+00:00,cdf5868d-b9aa-5a49-a6ec-ccaef2dd249e,중2 3반,946a4e24-4c9c-5d2f-94c5-d505f34b93b8,70b2c8ff-80dd-58b5-9aa9-b65aae8411f6,박하린,teacher03@socrateach.school,영어,"중1,중2,중3"
e2c98a91-f883-5768-a6ff-d50db1fdedfb,student081@socrateach.school,SocraTeachStudent!2026,강예윤,student,,21,verified,invite_code,STD-UI3U7KR3,2026-04-11T23:45:59.910483+00:00,cdf5868d-b9aa-5a49-a6ec-ccaef2dd249e,중2 3반,946a4e24-4c9c-5d2f-94c5-d505f34b93b8,70b2c8ff-80dd-58b5-9aa9-b65aae8411f6,박하린,teacher03@socrateach.school,영어,"중1,중2,중3"
3506396d-31b8-5c6b-9306-0f2e4340d492,student082@socrateach.school,SocraTeachStudent!2026,조예윤,student,,22,verified,invite_code,STD-UI3U7KR3,2026-04-11T23:46:00.005874+00:00,cdf5868d-b9aa-5a49-a6ec-ccaef2dd249e,중2 3반,946a4e24-4c9c-5d2f-94c5-d505f34b93b8,70b2c8ff-80dd-58b5-9aa9-b65aae8411f6,박하린,teacher03@socrateach.school,영어,"중1,중2,중3"
32d1029c-e9d4-56b1-80db-8310d9bd47bd,student083@socrateach.school,SocraTeachStudent!2026,윤예윤,student,,23,verified,invite_code,STD-UI3U7KR3,2026-04-11T23:46:00.103255+00:00,cdf5868d-b9aa-5a49-a6ec-ccaef2dd249e,중2 3반,946a4e24-4c9c-5d2f-94c5-d505f34b93b8,70b2c8ff-80dd-58b5-9aa9-b65aae8411f6,박하린,teacher03@socrateach.school,영어,"중1,중2,중3"
47169202-00ae-5eb3-ad63-3e1522a6742d,student084@socrateach.school,SocraTeachStudent!2026,장예윤,student,,24,verified,invite_code,STD-UI3U7KR3,2026-04-11T23:46:00.202556+00:00,cdf5868d-b9aa-5a49-a6ec-ccaef2dd249e,중2 3반,946a4e24-4c9c-5d2f-94c5-d505f34b93b8,70b2c8ff-80dd-58b5-9aa9-b65aae8411f6,박하린,teacher03@socrateach.school,영어,"중1,중2,중3"
52ff6091-761d-5f04-a19f-9134db800311,student085@socrateach.school,SocraTeachStudent!2026,임예윤,student,,25,verified,invite_code,STD-UI3U7KR3,2026-04-11T23:46:00.309501+00:00,cdf5868d-b9aa-5a49-a6ec-ccaef2dd249e,중2 3반,946a4e24-4c9c-5d2f-94c5-d505f34b93b8,70b2c8ff-80dd-58b5-9aa9-b65aae8411f6,박하린,teacher03@socrateach.school,영어,"중1,중2,중3"
9d5acfc2-a53a-55b0-88d8-2c306c0d83fb,student086@socrateach.school,SocraTeachStudent!2026,오예윤,student,,26,verified,invite_code,STD-UI3U7KR3,2026-04-11T23:46:00.41775+00:00,cdf5868d-b9aa-5a49-a6ec-ccaef2dd249e,중2 3반,946a4e24-4c9c-5d2f-94c5-d505f34b93b8,70b2c8ff-80dd-58b5-9aa9-b65aae8411f6,박하린,teacher03@socrateach.school,영어,"중1,중2,중3"
e40d8829-c029-51f7-9c21-67a991a47d0c,student087@socrateach.school,SocraTeachStudent!2026,한예윤,student,,27,verified,invite_code,STD-UI3U7KR3,2026-04-11T23:46:00.515515+00:00,cdf5868d-b9aa-5a49-a6ec-ccaef2dd249e,중2 3반,946a4e24-4c9c-5d2f-94c5-d505f34b93b8,70b2c8ff-80dd-58b5-9aa9-b65aae8411f6,박하린,teacher03@socrateach.school,영어,"중1,중2,중3"
573bb121-1689-5849-bd52-2e2efe3aaa94,student088@socrateach.school,SocraTeachStudent!2026,서예윤,student,,28,verified,invite_code,STD-UI3U7KR3,2026-04-11T23:46:00.613141+00:00,cdf5868d-b9aa-5a49-a6ec-ccaef2dd249e,중2 3반,946a4e24-4c9c-5d2f-94c5-d505f34b93b8,70b2c8ff-80dd-58b5-9aa9-b65aae8411f6,박하린,teacher03@socrateach.school,영어,"중1,중2,중3"
e7f2fd0a-b7f2-5a98-91e5-663f537b01ee,student089@socrateach.school,SocraTeachStudent!2026,권예윤,student,,29,verified,invite_code,STD-UI3U7KR3,2026-04-11T23:46:00.70871+00:00,cdf5868d-b9aa-5a49-a6ec-ccaef2dd249e,중2 3반,946a4e24-4c9c-5d2f-94c5-d505f34b93b8,70b2c8ff-80dd-58b5-9aa9-b65aae8411f6,박하린,teacher03@socrateach.school,영어,"중1,중2,중3"
3e7dff5b-1531-5b18-98eb-a565f44f7d58,student090@socrateach.school,SocraTeachStudent!2026,유예윤,student,,30,verified,invite_code,STD-UI3U7KR3,2026-04-11T23:46:00.822582+00:00,cdf5868d-b9aa-5a49-a6ec-ccaef2dd249e,중2 3반,946a4e24-4c9c-5d2f-94c5-d505f34b93b8,70b2c8ff-80dd-58b5-9aa9-b65aae8411f6,박하린,teacher03@socrateach.school,영어,"중1,중2,중3"
23527d7d-ac86-5435-9eaa-a033b7db19ae,student091@socrateach.school,SocraTeachStudent!2026,김수윤,student,,01,verified,invite_code,STD-JI898DO4,2026-04-11T23:46:01.049774+00:00,0f590936-4d87-548d-ac34-5ae52ddf5cf9,중2 4반,b8afb712-7780-55f3-804c-1e562f8a7f4c,a76594be-b1d0-5e99-9481-edbd6163f764,최준호,teacher04@socrateach.school,과학,중2
cad82f9f-1edc-5b2e-b87a-b65520c3ba56,student092@socrateach.school,SocraTeachStudent!2026,이수윤,student,,02,verified,invite_code,STD-JI898DO4,2026-04-11T23:46:01.146173+00:00,0f590936-4d87-548d-ac34-5ae52ddf5cf9,중2 4반,b8afb712-7780-55f3-804c-1e562f8a7f4c,a76594be-b1d0-5e99-9481-edbd6163f764,최준호,teacher04@socrateach.school,과학,중2
be2e841d-38c8-5839-a908-08aff7c9184c,student093@socrateach.school,SocraTeachStudent!2026,박수윤,student,,03,verified,invite_code,STD-JI898DO4,2026-04-11T23:46:01.246692+00:00,0f590936-4d87-548d-ac34-5ae52ddf5cf9,중2 4반,b8afb712-7780-55f3-804c-1e562f8a7f4c,a76594be-b1d0-5e99-9481-edbd6163f764,최준호,teacher04@socrateach.school,과학,중2
6dcebb3d-d4b2-5ef3-a693-5cc23747852d,student094@socrateach.school,SocraTeachStudent!2026,최수윤,student,,04,verified,invite_code,STD-JI898DO4,2026-04-11T23:46:01.345483+00:00,0f590936-4d87-548d-ac34-5ae52ddf5cf9,중2 4반,b8afb712-7780-55f3-804c-1e562f8a7f4c,a76594be-b1d0-5e99-9481-edbd6163f764,최준호,teacher04@socrateach.school,과학,중2
04a5c865-4393-5279-bf8f-f26c6d3f9546,student095@socrateach.school,SocraTeachStudent!2026,정수윤,student,,05,verified,invite_code,STD-JI898DO4,2026-04-11T23:46:01.440408+00:00,0f590936-4d87-548d-ac34-5ae52ddf5cf9,중2 4반,b8afb712-7780-55f3-804c-1e562f8a7f4c,a76594be-b1d0-5e99-9481-edbd6163f764,최준호,teacher04@socrateach.school,과학,중2
5e9600cb-a873-5d3a-8a0d-d1c0a179ce7d,student096@socrateach.school,SocraTeachStudent!2026,강수윤,student,,06,verified,invite_code,STD-JI898DO4,2026-04-11T23:46:01.537117+00:00,0f590936-4d87-548d-ac34-5ae52ddf5cf9,중2 4반,b8afb712-7780-55f3-804c-1e562f8a7f4c,a76594be-b1d0-5e99-9481-edbd6163f764,최준호,teacher04@socrateach.school,과학,중2
afbc7791-0093-5bdb-89f6-171539b78557,student097@socrateach.school,SocraTeachStudent!2026,조수윤,student,,07,verified,invite_code,STD-JI898DO4,2026-04-11T23:46:01.633802+00:00,0f590936-4d87-548d-ac34-5ae52ddf5cf9,중2 4반,b8afb712-7780-55f3-804c-1e562f8a7f4c,a76594be-b1d0-5e99-9481-edbd6163f764,최준호,teacher04@socrateach.school,과학,중2
4f274355-0063-5754-be42-fae9a238b626,student098@socrateach.school,SocraTeachStudent!2026,윤수윤,student,,08,verified,invite_code,STD-JI898DO4,2026-04-11T23:46:01.730311+00:00,0f590936-4d87-548d-ac34-5ae52ddf5cf9,중2 4반,b8afb712-7780-55f3-804c-1e562f8a7f4c,a76594be-b1d0-5e99-9481-edbd6163f764,최준호,teacher04@socrateach.school,과학,중2
863bb89f-fd99-5adf-a4ab-39bd5d71074a,student099@socrateach.school,SocraTeachStudent!2026,장수윤,student,,09,verified,invite_code,STD-JI898DO4,2026-04-11T23:46:01.82729+00:00,0f590936-4d87-548d-ac34-5ae52ddf5cf9,중2 4반,b8afb712-7780-55f3-804c-1e562f8a7f4c,a76594be-b1d0-5e99-9481-edbd6163f764,최준호,teacher04@socrateach.school,과학,중2
30afa00c-f882-5649-88ef-131aaae70ac5,student100@socrateach.school,SocraTeachStudent!2026,임수윤,student,,10,verified,invite_code,STD-JI898DO4,2026-04-11T23:46:01.921833+00:00,0f590936-4d87-548d-ac34-5ae52ddf5cf9,중2 4반,b8afb712-7780-55f3-804c-1e562f8a7f4c,a76594be-b1d0-5e99-9481-edbd6163f764,최준호,teacher04@socrateach.school,과학,중2
58793f2b-9f8d-5122-b058-9b0bfbe54a67,student101@socrateach.school,SocraTeachStudent!2026,오수윤,student,,11,verified,invite_code,STD-JI898DO4,2026-04-11T23:46:02.016491+00:00,0f590936-4d87-548d-ac34-5ae52ddf5cf9,중2 4반,b8afb712-7780-55f3-804c-1e562f8a7f4c,a76594be-b1d0-5e99-9481-edbd6163f764,최준호,teacher04@socrateach.school,과학,중2
847e8e0a-394b-54d7-b93d-d444cd257321,student102@socrateach.school,SocraTeachStudent!2026,한수윤,student,,12,verified,invite_code,STD-JI898DO4,2026-04-11T23:46:02.111692+00:00,0f590936-4d87-548d-ac34-5ae52ddf5cf9,중2 4반,b8afb712-7780-55f3-804c-1e562f8a7f4c,a76594be-b1d0-5e99-9481-edbd6163f764,최준호,teacher04@socrateach.school,과학,중2
513b9a9d-2af8-5cca-aa91-a675712f12a6,student103@socrateach.school,SocraTeachStudent!2026,서수윤,student,,13,verified,invite_code,STD-JI898DO4,2026-04-11T23:46:02.204821+00:00,0f590936-4d87-548d-ac34-5ae52ddf5cf9,중2 4반,b8afb712-7780-55f3-804c-1e562f8a7f4c,a76594be-b1d0-5e99-9481-edbd6163f764,최준호,teacher04@socrateach.school,과학,중2
33acd0f7-ecb6-523a-9b1c-fa9de0e294c6,student104@socrateach.school,SocraTeachStudent!2026,권수윤,student,,14,verified,invite_code,STD-JI898DO4,2026-04-11T23:46:02.323903+00:00,0f590936-4d87-548d-ac34-5ae52ddf5cf9,중2 4반,b8afb712-7780-55f3-804c-1e562f8a7f4c,a76594be-b1d0-5e99-9481-edbd6163f764,최준호,teacher04@socrateach.school,과학,중2
5e5a8181-d1ea-5e3a-a0bb-ef158ee70678,student105@socrateach.school,SocraTeachStudent!2026,유수윤,student,,15,verified,invite_code,STD-JI898DO4,2026-04-11T23:46:02.4179+00:00,0f590936-4d87-548d-ac34-5ae52ddf5cf9,중2 4반,b8afb712-7780-55f3-804c-1e562f8a7f4c,a76594be-b1d0-5e99-9481-edbd6163f764,최준호,teacher04@socrateach.school,과학,중2
2f8ba337-ee0c-58a2-9680-507d492c26ef,student106@socrateach.school,SocraTeachStudent!2026,김현윤,student,,16,verified,invite_code,STD-JI898DO4,2026-04-11T23:46:02.509953+00:00,0f590936-4d87-548d-ac34-5ae52ddf5cf9,중2 4반,b8afb712-7780-55f3-804c-1e562f8a7f4c,a76594be-b1d0-5e99-9481-edbd6163f764,최준호,teacher04@socrateach.school,과학,중2
543e4f74-2493-5711-81bb-febfe98f5989,student107@socrateach.school,SocraTeachStudent!2026,이현윤,student,,17,verified,invite_code,STD-JI898DO4,2026-04-11T23:46:02.602109+00:00,0f590936-4d87-548d-ac34-5ae52ddf5cf9,중2 4반,b8afb712-7780-55f3-804c-1e562f8a7f4c,a76594be-b1d0-5e99-9481-edbd6163f764,최준호,teacher04@socrateach.school,과학,중2
bd237c9c-e7c9-5dce-a978-c84e27be0ba6,student108@socrateach.school,SocraTeachStudent!2026,박현윤,student,,18,verified,invite_code,STD-JI898DO4,2026-04-11T23:46:02.69422+00:00,0f590936-4d87-548d-ac34-5ae52ddf5cf9,중2 4반,b8afb712-7780-55f3-804c-1e562f8a7f4c,a76594be-b1d0-5e99-9481-edbd6163f764,최준호,teacher04@socrateach.school,과학,중2
92c897ce-cc99-5999-9d0d-4bc42be5a3a7,student109@socrateach.school,SocraTeachStudent!2026,최현윤,student,,19,verified,invite_code,STD-JI898DO4,2026-04-11T23:46:02.789539+00:00,0f590936-4d87-548d-ac34-5ae52ddf5cf9,중2 4반,b8afb712-7780-55f3-804c-1e562f8a7f4c,a76594be-b1d0-5e99-9481-edbd6163f764,최준호,teacher04@socrateach.school,과학,중2
c7bb557e-5b7c-5600-a86b-a330136edd8e,student110@socrateach.school,SocraTeachStudent!2026,정현윤,student,,20,verified,invite_code,STD-JI898DO4,2026-04-11T23:46:02.886467+00:00,0f590936-4d87-548d-ac34-5ae52ddf5cf9,중2 4반,b8afb712-7780-55f3-804c-1e562f8a7f4c,a76594be-b1d0-5e99-9481-edbd6163f764,최준호,teacher04@socrateach.school,과학,중2
1e7137bb-ce55-57ff-86a7-ca323367cda3,student111@socrateach.school,SocraTeachStudent!2026,강현윤,student,,21,verified,invite_code,STD-JI898DO4,2026-04-11T23:46:02.984489+00:00,0f590936-4d87-548d-ac34-5ae52ddf5cf9,중2 4반,b8afb712-7780-55f3-804c-1e562f8a7f4c,a76594be-b1d0-5e99-9481-edbd6163f764,최준호,teacher04@socrateach.school,과학,중2
77ffc61a-f293-53c5-b876-a303d1d96b1e,student112@socrateach.school,SocraTeachStudent!2026,조현윤,student,,22,verified,invite_code,STD-JI898DO4,2026-04-11T23:46:03.077742+00:00,0f590936-4d87-548d-ac34-5ae52ddf5cf9,중2 4반,b8afb712-7780-55f3-804c-1e562f8a7f4c,a76594be-b1d0-5e99-9481-edbd6163f764,최준호,teacher04@socrateach.school,과학,중2
77f15f79-bb1f-50a8-b418-2788a99ccb3a,student113@socrateach.school,SocraTeachStudent!2026,윤현윤,student,,23,verified,invite_code,STD-JI898DO4,2026-04-11T23:46:03.173356+00:00,0f590936-4d87-548d-ac34-5ae52ddf5cf9,중2 4반,b8afb712-7780-55f3-804c-1e562f8a7f4c,a76594be-b1d0-5e99-9481-edbd6163f764,최준호,teacher04@socrateach.school,과학,중2
3b7ba3cf-79e7-5c7e-9097-4a5b28fd8058,student114@socrateach.school,SocraTeachStudent!2026,장현윤,student,,24,verified,invite_code,STD-JI898DO4,2026-04-11T23:46:03.274925+00:00,0f590936-4d87-548d-ac34-5ae52ddf5cf9,중2 4반,b8afb712-7780-55f3-804c-1e562f8a7f4c,a76594be-b1d0-5e99-9481-edbd6163f764,최준호,teacher04@socrateach.school,과학,중2
2d2bcf48-611c-5596-8edc-ec737e80248f,student115@socrateach.school,SocraTeachStudent!2026,임현윤,student,,25,verified,invite_code,STD-JI898DO4,2026-04-11T23:46:03.374727+00:00,0f590936-4d87-548d-ac34-5ae52ddf5cf9,중2 4반,b8afb712-7780-55f3-804c-1e562f8a7f4c,a76594be-b1d0-5e99-9481-edbd6163f764,최준호,teacher04@socrateach.school,과학,중2
a8d0d37a-634b-5a54-82ac-48f0d5dbbeac,student116@socrateach.school,SocraTeachStudent!2026,오현윤,student,,26,verified,invite_code,STD-JI898DO4,2026-04-11T23:46:03.48932+00:00,0f590936-4d87-548d-ac34-5ae52ddf5cf9,중2 4반,b8afb712-7780-55f3-804c-1e562f8a7f4c,a76594be-b1d0-5e99-9481-edbd6163f764,최준호,teacher04@socrateach.school,과학,중2
2b68b65b-2cda-5172-a1a0-9971c3979497,student117@socrateach.school,SocraTeachStudent!2026,한현윤,student,,27,verified,invite_code,STD-JI898DO4,2026-04-11T23:46:03.584772+00:00,0f590936-4d87-548d-ac34-5ae52ddf5cf9,중2 4반,b8afb712-7780-55f3-804c-1e562f8a7f4c,a76594be-b1d0-5e99-9481-edbd6163f764,최준호,teacher04@socrateach.school,과학,중2
80fb7d89-5dc5-5104-90af-1da553faf9ac,student118@socrateach.school,SocraTeachStudent!2026,서현윤,student,,28,verified,invite_code,STD-JI898DO4,2026-04-11T23:46:03.692527+00:00,0f590936-4d87-548d-ac34-5ae52ddf5cf9,중2 4반,b8afb712-7780-55f3-804c-1e562f8a7f4c,a76594be-b1d0-5e99-9481-edbd6163f764,최준호,teacher04@socrateach.school,과학,중2
484ae813-898a-57e2-b07a-db9679511974,student119@socrateach.school,SocraTeachStudent!2026,권현윤,student,,29,verified,invite_code,STD-JI898DO4,2026-04-11T23:46:03.787118+00:00,0f590936-4d87-548d-ac34-5ae52ddf5cf9,중2 4반,b8afb712-7780-55f3-804c-1e562f8a7f4c,a76594be-b1d0-5e99-9481-edbd6163f764,최준호,teacher04@socrateach.school,과학,중2
958b4f0f-2c59-53c4-8d35-1573e8406e10,student120@socrateach.school,SocraTeachStudent!2026,유현윤,student,,30,verified,invite_code,STD-JI898DO4,2026-04-11T23:46:03.883297+00:00,0f590936-4d87-548d-ac34-5ae52ddf5cf9,중2 4반,b8afb712-7780-55f3-804c-1e562f8a7f4c,a76594be-b1d0-5e99-9481-edbd6163f764,최준호,teacher04@socrateach.school,과학,중2
7d3eceb6-fc5d-5286-afea-2cca9bfc5dd3,student121@socrateach.school,SocraTeachStudent!2026,김가윤,student,,01,verified,invite_code,STD-BW367IC6,2026-04-11T23:46:04.095527+00:00,704b9fe3-44ee-5098-9d5f-0ca6caec26b3,중3 5반,8cc2a979-6b9c-5fc0-90aa-2eb787145e8b,4363fae5-0791-50d4-b33f-66ce5280cab5,정가은,teacher05@socrateach.school,국어,"중1,중2,중3"
34ca5726-7a27-5cad-b3d0-e078ee83731a,student122@socrateach.school,SocraTeachStudent!2026,이가윤,student,,02,verified,invite_code,STD-BW367IC6,2026-04-11T23:46:04.18879+00:00,704b9fe3-44ee-5098-9d5f-0ca6caec26b3,중3 5반,8cc2a979-6b9c-5fc0-90aa-2eb787145e8b,4363fae5-0791-50d4-b33f-66ce5280cab5,정가은,teacher05@socrateach.school,국어,"중1,중2,중3"
1f822c3e-468b-55ce-b5f8-49620be862f8,student123@socrateach.school,SocraTeachStudent!2026,박가윤,student,,03,verified,invite_code,STD-BW367IC6,2026-04-11T23:46:04.281285+00:00,704b9fe3-44ee-5098-9d5f-0ca6caec26b3,중3 5반,8cc2a979-6b9c-5fc0-90aa-2eb787145e8b,4363fae5-0791-50d4-b33f-66ce5280cab5,정가은,teacher05@socrateach.school,국어,"중1,중2,중3"
d4f32a29-b497-5bd9-82ee-dbe72628914f,student124@socrateach.school,SocraTeachStudent!2026,최가윤,student,,04,verified,invite_code,STD-BW367IC6,2026-04-11T23:46:04.376474+00:00,704b9fe3-44ee-5098-9d5f-0ca6caec26b3,중3 5반,8cc2a979-6b9c-5fc0-90aa-2eb787145e8b,4363fae5-0791-50d4-b33f-66ce5280cab5,정가은,teacher05@socrateach.school,국어,"중1,중2,중3"
2f70cc1b-7383-5838-9119-a6726f9634ba,student125@socrateach.school,SocraTeachStudent!2026,정가윤,student,,05,verified,invite_code,STD-BW367IC6,2026-04-11T23:46:04.469598+00:00,704b9fe3-44ee-5098-9d5f-0ca6caec26b3,중3 5반,8cc2a979-6b9c-5fc0-90aa-2eb787145e8b,4363fae5-0791-50d4-b33f-66ce5280cab5,정가은,teacher05@socrateach.school,국어,"중1,중2,중3"
e17b9161-10be-5fa1-af19-2c52df9b71b3,student126@socrateach.school,SocraTeachStudent!2026,강가윤,student,,06,verified,invite_code,STD-BW367IC6,2026-04-11T23:46:04.564065+00:00,704b9fe3-44ee-5098-9d5f-0ca6caec26b3,중3 5반,8cc2a979-6b9c-5fc0-90aa-2eb787145e8b,4363fae5-0791-50d4-b33f-66ce5280cab5,정가은,teacher05@socrateach.school,국어,"중1,중2,중3"
0715c8b3-f1cf-5d2e-b040-61111558e924,student127@socrateach.school,SocraTeachStudent!2026,조가윤,student,,07,verified,invite_code,STD-BW367IC6,2026-04-11T23:46:04.659254+00:00,704b9fe3-44ee-5098-9d5f-0ca6caec26b3,중3 5반,8cc2a979-6b9c-5fc0-90aa-2eb787145e8b,4363fae5-0791-50d4-b33f-66ce5280cab5,정가은,teacher05@socrateach.school,국어,"중1,중2,중3"
b79b0a6d-94b7-5906-899d-7080a890bf5b,student128@socrateach.school,SocraTeachStudent!2026,윤가윤,student,,08,verified,invite_code,STD-BW367IC6,2026-04-11T23:46:04.775263+00:00,704b9fe3-44ee-5098-9d5f-0ca6caec26b3,중3 5반,8cc2a979-6b9c-5fc0-90aa-2eb787145e8b,4363fae5-0791-50d4-b33f-66ce5280cab5,정가은,teacher05@socrateach.school,국어,"중1,중2,중3"
f1cf913d-ab75-5796-8510-a1a1bb82dedf,student129@socrateach.school,SocraTeachStudent!2026,장가윤,student,,09,verified,invite_code,STD-BW367IC6,2026-04-11T23:46:04.868132+00:00,704b9fe3-44ee-5098-9d5f-0ca6caec26b3,중3 5반,8cc2a979-6b9c-5fc0-90aa-2eb787145e8b,4363fae5-0791-50d4-b33f-66ce5280cab5,정가은,teacher05@socrateach.school,국어,"중1,중2,중3"
6cfc56ab-c1a9-5ccd-8677-eb1018b7c12c,student130@socrateach.school,SocraTeachStudent!2026,임가윤,student,,10,verified,invite_code,STD-BW367IC6,2026-04-11T23:46:04.961773+00:00,704b9fe3-44ee-5098-9d5f-0ca6caec26b3,중3 5반,8cc2a979-6b9c-5fc0-90aa-2eb787145e8b,4363fae5-0791-50d4-b33f-66ce5280cab5,정가은,teacher05@socrateach.school,국어,"중1,중2,중3"
2a97f121-d731-5dd9-8cd3-b51d9e8276db,student131@socrateach.school,SocraTeachStudent!2026,오가윤,student,,11,verified,invite_code,STD-BW367IC6,2026-04-11T23:46:05.053967+00:00,704b9fe3-44ee-5098-9d5f-0ca6caec26b3,중3 5반,8cc2a979-6b9c-5fc0-90aa-2eb787145e8b,4363fae5-0791-50d4-b33f-66ce5280cab5,정가은,teacher05@socrateach.school,국어,"중1,중2,중3"
011f17ee-7baf-5c3a-9eef-17f3c6ff26c5,student132@socrateach.school,SocraTeachStudent!2026,한가윤,student,,12,verified,invite_code,STD-BW367IC6,2026-04-11T23:46:05.167465+00:00,704b9fe3-44ee-5098-9d5f-0ca6caec26b3,중3 5반,8cc2a979-6b9c-5fc0-90aa-2eb787145e8b,4363fae5-0791-50d4-b33f-66ce5280cab5,정가은,teacher05@socrateach.school,국어,"중1,중2,중3"
672b7c9b-7859-56b2-ac0e-31b663a67304,student133@socrateach.school,SocraTeachStudent!2026,서가윤,student,,13,verified,invite_code,STD-BW367IC6,2026-04-11T23:46:05.261981+00:00,704b9fe3-44ee-5098-9d5f-0ca6caec26b3,중3 5반,8cc2a979-6b9c-5fc0-90aa-2eb787145e8b,4363fae5-0791-50d4-b33f-66ce5280cab5,정가은,teacher05@socrateach.school,국어,"중1,중2,중3"
ccc6cdda-9955-559e-acf5-64335d326c0d,student134@socrateach.school,SocraTeachStudent!2026,권가윤,student,,14,verified,invite_code,STD-BW367IC6,2026-04-11T23:46:05.357457+00:00,704b9fe3-44ee-5098-9d5f-0ca6caec26b3,중3 5반,8cc2a979-6b9c-5fc0-90aa-2eb787145e8b,4363fae5-0791-50d4-b33f-66ce5280cab5,정가은,teacher05@socrateach.school,국어,"중1,중2,중3"
e3971ff2-7c06-5661-90a6-0eb70727366b,student135@socrateach.school,SocraTeachStudent!2026,유가윤,student,,15,verified,invite_code,STD-BW367IC6,2026-04-11T23:46:05.450405+00:00,704b9fe3-44ee-5098-9d5f-0ca6caec26b3,중3 5반,8cc2a979-6b9c-5fc0-90aa-2eb787145e8b,4363fae5-0791-50d4-b33f-66ce5280cab5,정가은,teacher05@socrateach.school,국어,"중1,중2,중3"
fc52fc76-d068-5077-80f8-3cc2121cf4c1,student136@socrateach.school,SocraTeachStudent!2026,김채윤,student,,16,verified,invite_code,STD-BW367IC6,2026-04-11T23:46:05.544757+00:00,704b9fe3-44ee-5098-9d5f-0ca6caec26b3,중3 5반,8cc2a979-6b9c-5fc0-90aa-2eb787145e8b,4363fae5-0791-50d4-b33f-66ce5280cab5,정가은,teacher05@socrateach.school,국어,"중1,중2,중3"
fd19942e-80ed-5914-a603-dcd644b59d8b,student137@socrateach.school,SocraTeachStudent!2026,이채윤,student,,17,verified,invite_code,STD-BW367IC6,2026-04-11T23:46:05.638314+00:00,704b9fe3-44ee-5098-9d5f-0ca6caec26b3,중3 5반,8cc2a979-6b9c-5fc0-90aa-2eb787145e8b,4363fae5-0791-50d4-b33f-66ce5280cab5,정가은,teacher05@socrateach.school,국어,"중1,중2,중3"
87b44a95-d882-568f-a3c8-3fdf74ead78f,student138@socrateach.school,SocraTeachStudent!2026,박채윤,student,,18,verified,invite_code,STD-BW367IC6,2026-04-11T23:46:05.732364+00:00,704b9fe3-44ee-5098-9d5f-0ca6caec26b3,중3 5반,8cc2a979-6b9c-5fc0-90aa-2eb787145e8b,4363fae5-0791-50d4-b33f-66ce5280cab5,정가은,teacher05@socrateach.school,국어,"중1,중2,중3"
5cfa5be8-da4b-537c-8487-481d6f87173e,student139@socrateach.school,SocraTeachStudent!2026,최채윤,student,,19,verified,invite_code,STD-BW367IC6,2026-04-11T23:46:05.82886+00:00,704b9fe3-44ee-5098-9d5f-0ca6caec26b3,중3 5반,8cc2a979-6b9c-5fc0-90aa-2eb787145e8b,4363fae5-0791-50d4-b33f-66ce5280cab5,정가은,teacher05@socrateach.school,국어,"중1,중2,중3"
b0cd7947-97f6-5162-94b3-f88456ba86c5,student140@socrateach.school,SocraTeachStudent!2026,정채윤,student,,20,verified,invite_code,STD-BW367IC6,2026-04-11T23:46:05.945488+00:00,704b9fe3-44ee-5098-9d5f-0ca6caec26b3,중3 5반,8cc2a979-6b9c-5fc0-90aa-2eb787145e8b,4363fae5-0791-50d4-b33f-66ce5280cab5,정가은,teacher05@socrateach.school,국어,"중1,중2,중3"
068c1e8c-9bfb-5ee0-8225-7df815608c94,student141@socrateach.school,SocraTeachStudent!2026,강채윤,student,,21,verified,invite_code,STD-BW367IC6,2026-04-11T23:46:06.038719+00:00,704b9fe3-44ee-5098-9d5f-0ca6caec26b3,중3 5반,8cc2a979-6b9c-5fc0-90aa-2eb787145e8b,4363fae5-0791-50d4-b33f-66ce5280cab5,정가은,teacher05@socrateach.school,국어,"중1,중2,중3"
51b0b3f9-ecf6-56d4-bda3-731231009078,student142@socrateach.school,SocraTeachStudent!2026,조채윤,student,,22,verified,invite_code,STD-BW367IC6,2026-04-11T23:46:06.131342+00:00,704b9fe3-44ee-5098-9d5f-0ca6caec26b3,중3 5반,8cc2a979-6b9c-5fc0-90aa-2eb787145e8b,4363fae5-0791-50d4-b33f-66ce5280cab5,정가은,teacher05@socrateach.school,국어,"중1,중2,중3"
c286f01c-f4ab-5c07-a1fa-22ac243be827,student143@socrateach.school,SocraTeachStudent!2026,윤채윤,student,,23,verified,invite_code,STD-BW367IC6,2026-04-11T23:46:06.226535+00:00,704b9fe3-44ee-5098-9d5f-0ca6caec26b3,중3 5반,8cc2a979-6b9c-5fc0-90aa-2eb787145e8b,4363fae5-0791-50d4-b33f-66ce5280cab5,정가은,teacher05@socrateach.school,국어,"중1,중2,중3"
a5cf9338-203d-5573-a46c-e1b405d38d14,student144@socrateach.school,SocraTeachStudent!2026,장채윤,student,,24,verified,invite_code,STD-BW367IC6,2026-04-11T23:46:06.319244+00:00,704b9fe3-44ee-5098-9d5f-0ca6caec26b3,중3 5반,8cc2a979-6b9c-5fc0-90aa-2eb787145e8b,4363fae5-0791-50d4-b33f-66ce5280cab5,정가은,teacher05@socrateach.school,국어,"중1,중2,중3"
caa1da37-1b9c-505a-b8fe-c3cd65dc3faf,student145@socrateach.school,SocraTeachStudent!2026,임채윤,student,,25,verified,invite_code,STD-BW367IC6,2026-04-11T23:46:06.417215+00:00,704b9fe3-44ee-5098-9d5f-0ca6caec26b3,중3 5반,8cc2a979-6b9c-5fc0-90aa-2eb787145e8b,4363fae5-0791-50d4-b33f-66ce5280cab5,정가은,teacher05@socrateach.school,국어,"중1,중2,중3"
b5428ab0-de6a-5a4d-9ad8-45d397f0cfa3,student146@socrateach.school,SocraTeachStudent!2026,오채윤,student,,26,verified,invite_code,STD-BW367IC6,2026-04-11T23:46:06.522228+00:00,704b9fe3-44ee-5098-9d5f-0ca6caec26b3,중3 5반,8cc2a979-6b9c-5fc0-90aa-2eb787145e8b,4363fae5-0791-50d4-b33f-66ce5280cab5,정가은,teacher05@socrateach.school,국어,"중1,중2,중3"
a5dd268e-7b04-575a-a260-ff2ddc900bd8,student147@socrateach.school,SocraTeachStudent!2026,한채윤,student,,27,verified,invite_code,STD-BW367IC6,2026-04-11T23:46:06.619017+00:00,704b9fe3-44ee-5098-9d5f-0ca6caec26b3,중3 5반,8cc2a979-6b9c-5fc0-90aa-2eb787145e8b,4363fae5-0791-50d4-b33f-66ce5280cab5,정가은,teacher05@socrateach.school,국어,"중1,중2,중3"
bdcb8e28-cf3c-5bbb-a818-aae8395d6a59,student148@socrateach.school,SocraTeachStudent!2026,서채윤,student,,28,verified,invite_code,STD-BW367IC6,2026-04-11T23:46:06.716844+00:00,704b9fe3-44ee-5098-9d5f-0ca6caec26b3,중3 5반,8cc2a979-6b9c-5fc0-90aa-2eb787145e8b,4363fae5-0791-50d4-b33f-66ce5280cab5,정가은,teacher05@socrateach.school,국어,"중1,중2,중3"
b81afdfe-2778-5d28-8e66-7e7a1a0ef3be,student149@socrateach.school,SocraTeachStudent!2026,권채윤,student,,29,verified,invite_code,STD-BW367IC6,2026-04-11T23:46:06.811786+00:00,704b9fe3-44ee-5098-9d5f-0ca6caec26b3,중3 5반,8cc2a979-6b9c-5fc0-90aa-2eb787145e8b,4363fae5-0791-50d4-b33f-66ce5280cab5,정가은,teacher05@socrateach.school,국어,"중1,중2,중3"
b8176365-3491-5e57-9271-56f387fbc8de,student150@socrateach.school,SocraTeachStudent!2026,유채윤,student,,30,verified,invite_code,STD-BW367IC6,2026-04-11T23:46:06.907319+00:00,704b9fe3-44ee-5098-9d5f-0ca6caec26b3,중3 5반,8cc2a979-6b9c-5fc0-90aa-2eb787145e8b,4363fae5-0791-50d4-b33f-66ce5280cab5,정가은,teacher05@socrateach.school,국어,"중1,중2,중3"
